FPS, CUBES,
554, 1
181, 2
444, 3
436, 4
439, 5
395, 6
396, 7
438, 8
330, 9
431, 10
414, 11
424, 12
373, 13
405, 14
399, 15
437, 16
296, 17
438, 18
420, 19
417, 20
438, 21
404, 22
450, 23
453, 24
281, 25
426, 26
295, 27
347, 28
348, 29
375, 30
366, 31
233, 32
355, 33
426, 34
388, 35
403, 36
169, 37
242, 38
369, 39
331, 40
387, 41
399, 42
395, 43
403, 44
254, 45
382, 46
405, 47
413, 48
441, 49
410, 50
414, 51
257, 52
420, 53
369, 54
395, 55
418, 56
428, 57
441, 58
423, 59
248, 60
425, 61
450, 62
395, 63
411, 64
419, 65
399, 66
366, 67
240, 68
435, 69
427, 70
427, 71
425, 72
404, 73
397, 74
238, 75
413, 76
423, 77
389, 78
395, 79
375, 80
338, 81
246, 82
430, 83
421, 84
379, 85
412, 86
431, 87
415, 88
424, 89
234, 90
412, 91
370, 92
421, 93
442, 94
381, 95
365, 96
225, 97
401, 98
396, 99
426, 100
229, 101
408, 102
384, 103
229, 104
404, 105
369, 106
413, 107
419, 108
375, 109
398, 110
238, 111
424, 112
389, 113
390, 114
369, 115
394, 116
405, 117
232, 118
406, 119
411, 120
413, 121
370, 122
392, 123
409, 124
410, 125
232, 126
404, 127
398, 128
382, 129
395, 130
384, 131
410, 132
231, 133
365, 134
407, 135
404, 136
375, 137
398, 138
361, 139
222, 140
378, 141
393, 142
396, 143
381, 144
403, 145
381, 146
210, 147
400, 148
391, 149
390, 150
379, 151
355, 152
412, 153
227, 154
388, 155
389, 156
402, 157
389, 158
412, 159
360, 160
231, 161
376, 162
369, 163
401, 164
368, 165
367, 166
382, 167
208, 168
377, 169
370, 170
408, 171
424, 172
392, 173
365, 174
223, 175
415, 176
390, 177
405, 178
378, 179
330, 180
378, 181
227, 182
396, 183
408, 184
332, 185
378, 186
373, 187
227, 188
398, 189
391, 190
388, 191
369, 192
395, 193
390, 194
361, 195
215, 196
374, 197
339, 198
395, 199
418, 200
325, 201
219, 202
390, 203
402, 204
419, 205
396, 206
356, 207
388, 208
212, 209
389, 210
391, 211
385, 212
372, 213
396, 214
370, 215
215, 216
392, 217
374, 218
405, 219
340, 220
372, 221
398, 222
212, 223
370, 224
365, 225
393, 226
368, 227
399, 228
385, 229
213, 230
380, 231
365, 232
410, 233
377, 234
366, 235
408, 236
202, 237
369, 238
327, 239
271, 240
290, 241
168, 242
245, 243
268, 244
272, 245
248, 246
184, 247
359, 248
376, 249
368, 250
392, 251
347, 252
209, 253
383, 254
363, 255
366, 256
338, 257
364, 258
363, 259
203, 260
329, 261
368, 262
389, 263
397, 264
372, 265
209, 266
338, 267
370, 268
368, 269
361, 270
372, 271
394, 272
203, 273
377, 274
369, 275
397, 276
360, 277
175, 278
197, 279
362, 280
384, 281
376, 282
353, 283
371, 284
215, 285
364, 286
386, 287
359, 288
361, 289
376, 290
365, 291
212, 292
333, 293
364, 294
361, 295
354, 296
364, 297
212, 298
351, 299
370, 300
322, 301
359, 302
363, 303
375, 304
210, 305
353, 306
369, 307
343, 308
318, 309
350, 310
214, 311
385, 312
358, 313
351, 314
346, 315
369, 316
218, 317
340, 318
368, 319
355, 320
376, 321
367, 322
382, 323
196, 324
354, 325
348, 326
367, 327
372, 328
334, 329
199, 330
350, 331
342, 332
379, 333
347, 334
319, 335
369, 336
203, 337
362, 338
359, 339
377, 340
353, 341
313, 342
210, 343
318, 344
350, 345
336, 346
342, 347
372, 348
201, 349
346, 350
355, 351
345, 352
359, 353
334, 354
201, 355
361, 356
348, 357
338, 358
332, 359
353, 360
352, 361
194, 362
349, 363
336, 364
339, 365
371, 366
364, 367
204, 368
339, 369
371, 370
372, 371
341, 372
340, 373
204, 374
357, 375
352, 376
351, 377
329, 378
339, 379
204, 380
365, 381
356, 382
345, 383
309, 384
341, 385
357, 386
198, 387
325, 388
335, 389
367, 390
345, 391
346, 392
189, 393
352, 394
356, 395
338, 396
339, 397
324, 398
190, 399
335, 400
292, 401
371, 402
336, 403
328, 404
204, 405
359, 406
338, 407
342, 408
350, 409
326, 410
199, 411
347, 412
330, 413
343, 414
364, 415
343, 416
195, 417
323, 418
349, 419
363, 420
327, 421
341, 422
201, 423
345, 424
343, 425
333, 426
311, 427
303, 428
160, 429
327, 430
304, 431
323, 432
320, 433
192, 434
353, 435
315, 436
330, 437
339, 438
328, 439
190, 440
346, 441
322, 442
334, 443
329, 444
337, 445
200, 446
323, 447
320, 448
346, 449
329, 450
342, 451
190, 452
311, 453
343, 454
318, 455
334, 456
317, 457
185, 458
325, 459
334, 460
331, 461
306, 462
324, 463
188, 464
326, 465
332, 466
344, 467
334, 468
357, 469
194, 470
329, 471
331, 472
310, 473
317, 474
305, 475
180, 476
327, 477
338, 478
328, 479
334, 480
177, 481
320, 482
355, 483
339, 484
321, 485
351, 486
183, 487
347, 488
338, 489
354, 490
294, 491
336, 492
191, 493
325, 494
329, 495
324, 496
316, 497
330, 498
191, 499
333, 500
269, 501
346, 502
355, 503
349, 504
184, 505
332, 506
324, 507
327, 508
330, 509
189, 510
324, 511
327, 512
324, 513
330, 514
308, 515
185, 516
162, 517
306, 518
337, 519
300, 520
193, 521
321, 522
329, 523
272, 524
320, 525
188, 526
316, 527
323, 528
335, 529
319, 530
310, 531
184, 532
306, 533
319, 534
346, 535
318, 536
336, 537
186, 538
324, 539
319, 540
339, 541
333, 542
345, 543
180, 544
316, 545
344, 546
343, 547
308, 548
187, 549
322, 550
323, 551
335, 552
329, 553
328, 554
180, 555
310, 556
329, 557
323, 558
295, 559
332, 560
178, 561
306, 562
333, 563
310, 564
330, 565
186, 566
284, 567
327, 568
341, 569
346, 570
341, 571
172, 572
310, 573
346, 574
350, 575
315, 576
301, 577
177, 578
317, 579
319, 580
316, 581
332, 582
180, 583
322, 584
291, 585
321, 586
313, 587
306, 588
177, 589
283, 590
319, 591
330, 592
324, 593
175, 594
321, 595
326, 596
330, 597
317, 598
313, 599
177, 600
267, 601
319, 602
316, 603
331, 604
177, 605
316, 606
326, 607
289, 608
316, 609
298, 610
171, 611
305, 612
317, 613
320, 614
306, 615
178, 616
315, 617
293, 618
321, 619
332, 620
314, 621
161, 622
310, 623
331, 624
291, 625
310, 626
182, 627
311, 628
273, 629
320, 630
302, 631
318, 632
173, 633
318, 634
315, 635
315, 636
321, 637
177, 638
310, 639
322, 640
324, 641
314, 642
284, 643
167, 644
294, 645
300, 646
303, 647
316, 648
172, 649
294, 650
295, 651
312, 652
312, 653
172, 654
308, 655
300, 656
310, 657
287, 658
168, 659
292, 660
319, 661
298, 662
302, 663
307, 664
174, 665
310, 666
295, 667
308, 668
304, 669
180, 670
302, 671
289, 672
308, 673
310, 674
166, 675
303, 676
283, 677
322, 678
313, 679
295, 680
168, 681
302, 682
321, 683
310, 684
292, 685
179, 686
305, 687
274, 688
273, 689
308, 690
168, 691
299, 692
304, 693
298, 694
309, 695
179, 696
294, 697
305, 698
311, 699
314, 700
262, 701
170, 702
296, 703
312, 704
299, 705
291, 706
168, 707
297, 708
297, 709
293, 710
310, 711
170, 712
280, 713
301, 714
300, 715
305, 716
167, 717
299, 718
305, 719
301, 720
295, 721
288, 722
167, 723
279, 724
299, 725
309, 726
294, 727
167, 728
281, 729
306, 730
280, 731
301, 732
169, 733
299, 734
313, 735
283, 736
303, 737
156, 738
293, 739
310, 740
277, 741
295, 742
168, 743
289, 744
297, 745
296, 746
305, 747
167, 748
291, 749
291, 750
257, 751
290, 752
164, 753
278, 754
296, 755
299, 756
293, 757
165, 758
294, 759
292, 760
113, 761
169, 762
288, 763
287, 764
279, 765
285, 766
171, 767
282, 768
289, 769
286, 770
286, 771
166, 772
285, 773
290, 774
294, 775
308, 776
162, 777
296, 778
300, 779
306, 780
283, 781
161, 782
287, 783
306, 784
250, 785
294, 786
163, 787
306, 788
290, 789
289, 790
296, 791
165, 792
270, 793
282, 794
282, 795
288, 796
162, 797
275, 798
297, 799
283, 800
243, 801
160, 802
288, 803
299, 804
285, 805
248, 806
163, 807
283, 808
293, 809
275, 810
294, 811
161, 812
291, 813
285, 814
298, 815
292, 816
160, 817
284, 818
285, 819
275, 820
160, 821
285, 822
280, 823
289, 824
269, 825
163, 826
288, 827
272, 828
306, 829
287, 830
156, 831
282, 832
294, 833
272, 834
286, 835
168, 836
291, 837
287, 838
266, 839
278, 840
166, 841
286, 842
275, 843
284, 844
275, 845
163, 846
264, 847
264, 848
292, 849
293, 850
158, 851
295, 852
299, 853
272, 854
279, 855
154, 856
276, 857
283, 858
282, 859
288, 860
159, 861
292, 862
276, 863
276, 864
297, 865
157, 866
265, 867
270, 868
288, 869
157, 870
280, 871
282, 872
288, 873
297, 874
160, 875
288, 876
279, 877
289, 878
297, 879
152, 880
299, 881
268, 882
291, 883
266, 884
160, 885
279, 886
260, 887
296, 888
273, 889
159, 890
288, 891
280, 892
276, 893
276, 894
161, 895
268, 896
280, 897
289, 898
280, 899
156, 900
230, 901
272, 902
275, 903
154, 904
280, 905
306, 906
259, 907
285, 908
157, 909
275, 910
284, 911
283, 912
275, 913
155, 914
279, 915
265, 916
279, 917
155, 918
268, 919
270, 920
288, 921
287, 922
153, 923
283, 924
267, 925
296, 926
290, 927
148, 928
277, 929
281, 930
258, 931
263, 932
154, 933
282, 934
259, 935
288, 936
155, 937
262, 938
273, 939
281, 940
283, 941
155, 942
268, 943
269, 944
287, 945
280, 946
154, 947
283, 948
282, 949
294, 950
280, 951
152, 952
246, 953
281, 954
268, 955
160, 956
279, 957
280, 958
256, 959
289, 960
154, 961
267, 962
273, 963
287, 964
278, 965
154, 966
267, 967
280, 968
278, 969
281, 970
153, 971
272, 972
282, 973
276, 974
149, 975
274, 976
272, 977
240, 978
264, 979
149, 980
277, 981
267, 982
268, 983
153, 984
275, 985
267, 986
264, 987
277, 988
149, 989
256, 990
277, 991
253, 992
257, 993
145, 994
279, 995
272, 996
273, 997
146, 998
269, 999
257, 1000
127, 1001
152, 1002
269, 1003
250, 1004
270, 1005
153, 1006
260, 1007
285, 1008
260, 1009
276, 1010
150, 1011
280, 1012
272, 1013
258, 1014
153, 1015
251, 1016
273, 1017
256, 1018
270, 1019
149, 1020
261, 1021
268, 1022
248, 1023
151, 1024
258, 1025
260, 1026
258, 1027
251, 1028
148, 1029
265, 1030
277, 1031
273, 1032
148, 1033
264, 1034
265, 1035
270, 1036
265, 1037
149, 1038
254, 1039
263, 1040
261, 1041
148, 1042
257, 1043
258, 1044
233, 1045
264, 1046
142, 1047
269, 1048
264, 1049
265, 1050
147, 1051
240, 1052
246, 1053
268, 1054
151, 1055
236, 1056
272, 1057
259, 1058
270, 1059
144, 1060
260, 1061
270, 1062
278, 1063
148, 1064
265, 1065
277, 1066
272, 1067
253, 1068
148, 1069
263, 1070
269, 1071
260, 1072
256, 1073
148, 1074
253, 1075
269, 1076
259, 1077
144, 1078
258, 1079
262, 1080
273, 1081
148, 1082
244, 1083
256, 1084
274, 1085
248, 1086
145, 1087
262, 1088
275, 1089
243, 1090
142, 1091
269, 1092
268, 1093
254, 1094
257, 1095
148, 1096
245, 1097
258, 1098
259, 1099
143, 1100
212, 1101
263, 1102
263, 1103
142, 1104
257, 1105
261, 1106
266, 1107
240, 1108
147, 1109
261, 1110
252, 1111
257, 1112
144, 1113
256, 1114
258, 1115
240, 1116
145, 1117
237, 1118
257, 1119
258, 1120
246, 1121
136, 1122
260, 1123
253, 1124
254, 1125
141, 1126
258, 1127
249, 1128
250, 1129
142, 1130
255, 1131
254, 1132
259, 1133
141, 1134
256, 1135
258, 1136
247, 1137
258, 1138
144, 1139
238, 1140
242, 1141
262, 1142
140, 1143
244, 1144
259, 1145
258, 1146
141, 1147
233, 1148
261, 1149
261, 1150
138, 1151
249, 1152
254, 1153
230, 1154
251, 1155
139, 1156
243, 1157
252, 1158
260, 1159
141, 1160
251, 1161
249, 1162
261, 1163
139, 1164
247, 1165
259, 1166
262, 1167
141, 1168
248, 1169
260, 1170
265, 1171
243, 1172
138, 1173
256, 1174
248, 1175
245, 1176
140, 1177
250, 1178
250, 1179
250, 1180
137, 1181
250, 1182
255, 1183
245, 1184
137, 1185
254, 1186
242, 1187
246, 1188
135, 1189
249, 1190
260, 1191
249, 1192
248, 1193
139, 1194
236, 1195
242, 1196
241, 1197
138, 1198
259, 1199
241, 1200
227, 1201
140, 1202
242, 1203
246, 1204
256, 1205
138, 1206
233, 1207
253, 1208
245, 1209
140, 1210
243, 1211
262, 1212
246, 1213
136, 1214
247, 1215
254, 1216
258, 1217
249, 1218
133, 1219
241, 1220
260, 1221
248, 1222
133, 1223
227, 1224
246, 1225
254, 1226
133, 1227
245, 1228
262, 1229
249, 1230
134, 1231
255, 1232
254, 1233
231, 1234
136, 1235
254, 1236
251, 1237
238, 1238
134, 1239
249, 1240
236, 1241
241, 1242
135, 1243
243, 1244
142, 1245
234, 1246
134, 1247
243, 1248
256, 1249
236, 1250
135, 1251
249, 1252
241, 1253
245, 1254
136, 1255
243, 1256
244, 1257
234, 1258
136, 1259
250, 1260
238, 1261
250, 1262
132, 1263
247, 1264
247, 1265
243, 1266
133, 1267
246, 1268
244, 1269
241, 1270
134, 1271
241, 1272
238, 1273
232, 1274
135, 1275
248, 1276
249, 1277
248, 1278
131, 1279
243, 1280
231, 1281
243, 1282
134, 1283
243, 1284
242, 1285
244, 1286
132, 1287
233, 1288
247, 1289
245, 1290
128, 1291
250, 1292
249, 1293
222, 1294
132, 1295
236, 1296
250, 1297
237, 1298
133, 1299
245, 1300
208, 1301
247, 1302
132, 1303
236, 1304
252, 1305
251, 1306
127, 1307
234, 1308
246, 1309
235, 1310
131, 1311
245, 1312
245, 1313
236, 1314
132, 1315
246, 1316
233, 1317
240, 1318
130, 1319
234, 1320
226, 1321
245, 1322
132, 1323
245, 1324
228, 1325
247, 1326
130, 1327
242, 1328
248, 1329
228, 1330
129, 1331
247, 1332
244, 1333
233, 1334
133, 1335
240, 1336
243, 1337
237, 1338
128, 1339
237, 1340
238, 1341
232, 1342
129, 1343
232, 1344
230, 1345
230, 1346
131, 1347
244, 1348
246, 1349
127, 1350
236, 1351
240, 1352
231, 1353
132, 1354
242, 1355
240, 1356
236, 1357
135, 1358
240, 1359
241, 1360
237, 1361
135, 1362
236, 1363
232, 1364
231, 1365
130, 1366
243, 1367
234, 1368
247, 1369
128, 1370
235, 1371
242, 1372
220, 1373
134, 1374
236, 1375
243, 1376
239, 1377
130, 1378
236, 1379
227, 1380
233, 1381
131, 1382
238, 1383
237, 1384
237, 1385
123, 1386
234, 1387
248, 1388
229, 1389
130, 1390
239, 1391
249, 1392
231, 1393
129, 1394
229, 1395
235, 1396
240, 1397
128, 1398
236, 1399
236, 1400
207, 1401
127, 1402
236, 1403
241, 1404
128, 1405
233, 1406
231, 1407
226, 1408
126, 1409
233, 1410
229, 1411
240, 1412
127, 1413
232, 1414
230, 1415
237, 1416
124, 1417
232, 1418
236, 1419
242, 1420
123, 1421
228, 1422
240, 1423
127, 1424
233, 1425
239, 1426
239, 1427
124, 1428
236, 1429
240, 1430
238, 1431
124, 1432
239, 1433
243, 1434
235, 1435
124, 1436
223, 1437
218, 1438
233, 1439
126, 1440
229, 1441
246, 1442
235, 1443
124, 1444
236, 1445
238, 1446
124, 1447
231, 1448
239, 1449
233, 1450
120, 1451
236, 1452
237, 1453
230, 1454
125, 1455
232, 1456
233, 1457
234, 1458
123, 1459
226, 1460
228, 1461
126, 1462
227, 1463
241, 1464
232, 1465
125, 1466
230, 1467
230, 1468
231, 1469
128, 1470
235, 1471
229, 1472
234, 1473
125, 1474
235, 1475
233, 1476
232, 1477
125, 1478
232, 1479
230, 1480
219, 1481
126, 1482
229, 1483
236, 1484
119, 1485
129, 1486
225, 1487
126, 1488
225, 1489
230, 1490
218, 1491
126, 1492
221, 1493
217, 1494
236, 1495
118, 1496
226, 1497
241, 1498
114, 1499
226, 1500
215, 1501
236, 1502
124, 1503
231, 1504
236, 1505
212, 1506
124, 1507
229, 1508
233, 1509
122, 1510
220, 1511
224, 1512
232, 1513
123, 1514
217, 1515
233, 1516
218, 1517
124, 1518
234, 1519
223, 1520
122, 1521
233, 1522
231, 1523
223, 1524
124, 1525
225, 1526
232, 1527
231, 1528
121, 1529
225, 1530
230, 1531
119, 1532
221, 1533
230, 1534
216, 1535
124, 1536
221, 1537
219, 1538
233, 1539
119, 1540
233, 1541
235, 1542
121, 1543
225, 1544
215, 1545
223, 1546
122, 1547
228, 1548
212, 1549
227, 1550
120, 1551
227, 1552
233, 1553
120, 1554
224, 1555
224, 1556
227, 1557
118, 1558
225, 1559
233, 1560
211, 1561
118, 1562
225, 1563
219, 1564
123, 1565
225, 1566
220, 1567
229, 1568
121, 1569
223, 1570
232, 1571
234, 1572
118, 1573
230, 1574
230, 1575
117, 1576
232, 1577
215, 1578
226, 1579
114, 1580
224, 1581
226, 1582
118, 1583
228, 1584
227, 1585
228, 1586
118, 1587
221, 1588
220, 1589
232, 1590
115, 1591
202, 1592
207, 1593
117, 1594
227, 1595
228, 1596
226, 1597
118, 1598
224, 1599
223, 1600
108, 1601
224, 1602
211, 1603
121, 1604
216, 1605
220, 1606
228, 1607
117, 1608
217, 1609
221, 1610
231, 1611
116, 1612
225, 1613
226, 1614
115, 1615
229, 1616
215, 1617
218, 1618
120, 1619
210, 1620
222, 1621
117, 1622
219, 1623
217, 1624
225, 1625
119, 1626
224, 1627
225, 1628
115, 1629
222, 1630
214, 1631
215, 1632
119, 1633
220, 1634
209, 1635
120, 1636
223, 1637
219, 1638
225, 1639
114, 1640
211, 1641
228, 1642
113, 1643
215, 1644
226, 1645
227, 1646
115, 1647
216, 1648
228, 1649
115, 1650
214, 1651
221, 1652
210, 1653
120, 1654
221, 1655
211, 1656
115, 1657
219, 1658
210, 1659
215, 1660
115, 1661
217, 1662
224, 1663
116, 1664
223, 1665
213, 1666
214, 1667
119, 1668
221, 1669
218, 1670
116, 1671
223, 1672
214, 1673
217, 1674
116, 1675
209, 1676
214, 1677
112, 1678
218, 1679
212, 1680
223, 1681
115, 1682
217, 1683
214, 1684
116, 1685
218, 1686
210, 1687
215, 1688
114, 1689
218, 1690
222, 1691
114, 1692
212, 1693
225, 1694
211, 1695
115, 1696
211, 1697
207, 1698
116, 1699
216, 1700
198, 1701
115, 1702
220, 1703
223, 1704
215, 1705
116, 1706
214, 1707
219, 1708
113, 1709
221, 1710
217, 1711
206, 1712
114, 1713
215, 1714
213, 1715
116, 1716
210, 1717
223, 1718
219, 1719
114, 1720
215, 1721
214, 1722
115, 1723
214, 1724
217, 1725
113, 1726
212, 1727
216, 1728
210, 1729
113, 1730
124, 1731
214, 1732
114, 1733
216, 1734
212, 1735
113, 1736
218, 1737
209, 1738
113, 1739
212, 1740
212, 1741
223, 1742
110, 1743
216, 1744
223, 1745
110, 1746
218, 1747
210, 1748
214, 1749
113, 1750
213, 1751
210, 1752
116, 1753
206, 1754
208, 1755
113, 1756
210, 1757
220, 1758
218, 1759
108, 1760
214, 1761
219, 1762
111, 1763
207, 1764
187, 1765
110, 1766
214, 1767
222, 1768
214, 1769
110, 1770
215, 1771
216, 1772
112, 1773
207, 1774
215, 1775
112, 1776
211, 1777
210, 1778
218, 1779
112, 1780
213, 1781
217, 1782
110, 1783
213, 1784
221, 1785
108, 1786
219, 1787
206, 1788
203, 1789
113, 1790
212, 1791
208, 1792
113, 1793
204, 1794
210, 1795
115, 1796
211, 1797
212, 1798
218, 1799
110, 1800
189, 1801
212, 1802
110, 1803
216, 1804
215, 1805
111, 1806
207, 1807
198, 1808
219, 1809
107, 1810
206, 1811
213, 1812
106, 1813
213, 1814
220, 1815
108, 1816
218, 1817
206, 1818
109, 1819
211, 1820
215, 1821
214, 1822
112, 1823
218, 1824
214, 1825
111, 1826
213, 1827
211, 1828
204, 1829
107, 1830
212, 1831
216, 1832
108, 1833
209, 1834
211, 1835
110, 1836
201, 1837
206, 1838
111, 1839
213, 1840
211, 1841
215, 1842
109, 1843
206, 1844
210, 1845
108, 1846
211, 1847
215, 1848
108, 1849
215, 1850
214, 1851
210, 1852
110, 1853
205, 1854
211, 1855
108, 1856
203, 1857
212, 1858
105, 1859
202, 1860
199, 1861
110, 1862
208, 1863
207, 1864
105, 1865
215, 1866
203, 1867
207, 1868
103, 1869
204, 1870
208, 1871
108, 1872
210, 1873
215, 1874
109, 1875
205, 1876
209, 1877
108, 1878
202, 1879
216, 1880
213, 1881
102, 1882
208, 1883
212, 1884
108, 1885
211, 1886
188, 1887
107, 1888
206, 1889
210, 1890
108, 1891
201, 1892
213, 1893
109, 1894
206, 1895
213, 1896
208, 1897
103, 1898
199, 1899
213, 1900
100, 1901
206, 1902
209, 1903
105, 1904
205, 1905
202, 1906
109, 1907
201, 1908
202, 1909
106, 1910
203, 1911
207, 1912
107, 1913
202, 1914
211, 1915
203, 1916
104, 1917
206, 1918
203, 1919
106, 1920
202, 1921
201, 1922
109, 1923
205, 1924
210, 1925
106, 1926
206, 1927
200, 1928
109, 1929
197, 1930
207, 1931
195, 1932
106, 1933
204, 1934
185, 1935
105, 1936
202, 1937
203, 1938
106, 1939
206, 1940
212, 1941
104, 1942
206, 1943
212, 1944
104, 1945
203, 1946
207, 1947
105, 1948
204, 1949
206, 1950
106, 1951
197, 1952
206, 1953
211, 1954
103, 1955
205, 1956
204, 1957
106, 1958
205, 1959
212, 1960
107, 1961
202, 1962
194, 1963
106, 1964
209, 1965
199, 1966
107, 1967
205, 1968
204, 1969
103, 1970
199, 1971
195, 1972
105, 1973
197, 1974
212, 1975
210, 1976
77, 1977
203, 1978
101, 1979
203, 1980
193, 1981
105, 1982
201, 1983
196, 1984
103, 1985
191, 1986
205, 1987
102, 1988
198, 1989
208, 1990
102, 1991
204, 1992
209, 1993
102, 1994
196, 1995
202, 1996
106, 1997
196, 1998
209, 1999
207, 2000
99, 2001
203, 2002
207, 2003
97, 2004
204, 2005
205, 2006
102, 2007
204, 2008
196, 2009
105, 2010
201, 2011
199, 2012
103, 2013
194, 2014
204, 2015
104, 2016
196, 2017
201, 2018
101, 2019
197, 2020
198, 2021
103, 2022
199, 2023
201, 2024
104, 2025
202, 2026
203, 2027
103, 2028
197, 2029
196, 2030
102, 2031
181, 2032
204, 2033
101, 2034
201, 2035
195, 2036
99, 2037
198, 2038
199, 2039
104, 2040
203, 2041
200, 2042
101, 2043
195, 2044
196, 2045
101, 2046
194, 2047
207, 2048
101, 2049
195, 2050
202, 2051
101, 2052
201, 2053
192, 2054
100, 2055
202, 2056
200, 2057
102, 2058
196, 2059
199, 2060
101, 2061
200, 2062
201, 2063
99, 2064
198, 2065
201, 2066
101, 2067
198, 2068
195, 2069
100, 2070
189, 2071
204, 2072
101, 2073
198, 2074
197, 2075
100, 2076
198, 2077
194, 2078
100, 2079
195, 2080
187, 2081
103, 2082
196, 2083
203, 2084
100, 2085
200, 2086
190, 2087
101, 2088
193, 2089
185, 2090
103, 2091
195, 2092
197, 2093
99, 2094
198, 2095
195, 2096
99, 2097
199, 2098
200, 2099
100, 2100
181, 2101
194, 2102
101, 2103
186, 2104
189, 2105
101, 2106
197, 2107
198, 2108
100, 2109
197, 2110
192, 2111
101, 2112
201, 2113
194, 2114
102, 2115
196, 2116
193, 2117
102, 2118
195, 2119
191, 2120
100, 2121
194, 2122
201, 2123
100, 2124
200, 2125
197, 2126
98, 2127
198, 2128
196, 2129
103, 2130
198, 2131
195, 2132
100, 2133
192, 2134
190, 2135
101, 2136
187, 2137
197, 2138
100, 2139
198, 2140
191, 2141
97, 2142
193, 2143
195, 2144
98, 2145
195, 2146
189, 2147
98, 2148
182, 2149
101, 2150
191, 2151
199, 2152
98, 2153
196, 2154
197, 2155
96, 2156
199, 2157
195, 2158
99, 2159
197, 2160
192, 2161
101, 2162
197, 2163
193, 2164
98, 2165
198, 2166
197, 2167
98, 2168
188, 2169
183, 2170
100, 2171
191, 2172
194, 2173
99, 2174
192, 2175
186, 2176
99, 2177
193, 2178
192, 2179
99, 2180
191, 2181
195, 2182
97, 2183
198, 2184
193, 2185
99, 2186
195, 2187
100, 2188
194, 2189
194, 2190
98, 2191
194, 2192
185, 2193
97, 2194
187, 2195
196, 2196
97, 2197
190, 2198
195, 2199
96, 2200
169, 2201
193, 2202
94, 2203
193, 2204
194, 2205
99, 2206
187, 2207
99, 2208
183, 2209
195, 2210
95, 2211
190, 2212
185, 2213
95, 2214
199, 2215
190, 2216
96, 2217
174, 2218
193, 2219
96, 2220
189, 2221
193, 2222
73, 2223
194, 2224
97, 2225
188, 2226
188, 2227
96, 2228
191, 2229
192, 2230
98, 2231
188, 2232
97, 2233
187, 2234
192, 2235
97, 2236
194, 2237
191, 2238
96, 2239
189, 2240
188, 2241
95, 2242
192, 2243
182, 2244
97, 2245
188, 2246
194, 2247
96, 2248
185, 2249
97, 2250
188, 2251
192, 2252
95, 2253
191, 2254
188, 2255
95, 2256
195, 2257
192, 2258
94, 2259
181, 2260
187, 2261
96, 2262
188, 2263
96, 2264
184, 2265
189, 2266
97, 2267
189, 2268
192, 2269
95, 2270
191, 2271
190, 2272
94, 2273
178, 2274
184, 2275
96, 2276
186, 2277
93, 2278
187, 2279
193, 2280
96, 2281
194, 2282
183, 2283
92, 2284
188, 2285
191, 2286
95, 2287
185, 2288
185, 2289
93, 2290
188, 2291
94, 2292
188, 2293
184, 2294
96, 2295
172, 2296
191, 2297
93, 2298
191, 2299
185, 2300
89, 2301
189, 2302
96, 2303
194, 2304
186, 2305
92, 2306
177, 2307
174, 2308
94, 2309
186, 2310
93, 2311
186, 2312
193, 2313
94, 2314
190, 2315
186, 2316
97, 2317
181, 2318
184, 2319
93, 2320
184, 2321
191, 2322
93, 2323
185, 2324
93, 2325
190, 2326
175, 2327
96, 2328
189, 2329
190, 2330
93, 2331
189, 2332
188, 2333
92, 2334
187, 2335
91, 2336
184, 2337
185, 2338
92, 2339
185, 2340
188, 2341
89, 2342
182, 2343
95, 2344
184, 2345
190, 2346
92, 2347
188, 2348
190, 2349
92, 2350
184, 2351
187, 2352
93, 2353
193, 2354
93, 2355
192, 2356
184, 2357
94, 2358
182, 2359
185, 2360
90, 2361
186, 2362
179, 2363
94, 2364
182, 2365
88, 2366
189, 2367
183, 2368
93, 2369
181, 2370
184, 2371
93, 2372
187, 2373
93, 2374
172, 2375
189, 2376
92, 2377
185, 2378
187, 2379
93, 2380
180, 2381
94, 2382
179, 2383
178, 2384
95, 2385
176, 2386
188, 2387
91, 2388
183, 2389
90, 2390
188, 2391
182, 2392
93, 2393
187, 2394
181, 2395
92, 2396
185, 2397
175, 2398
92, 2399
187, 2400
87, 2401
180, 2402
175, 2403
91, 2404
183, 2405
92, 2406
187, 2407
191, 2408
92, 2409
182, 2410
181, 2411
93, 2412
178, 2413
92, 2414
178, 2415
183, 2416
90, 2417
180, 2418
188, 2419
91, 2420
186, 2421
91, 2422
183, 2423
182, 2424
92, 2425
174, 2426
183, 2427
92, 2428
187, 2429
93, 2430
183, 2431
180, 2432
89, 2433
181, 2434
180, 2435
91, 2436
181, 2437
93, 2438
178, 2439
176, 2440
89, 2441
184, 2442
186, 2443
90, 2444
181, 2445
89, 2446
178, 2447
186, 2448
89, 2449
183, 2450
186, 2451
92, 2452
179, 2453
90, 2454
180, 2455
181, 2456
90, 2457
179, 2458
90, 2459
183, 2460
180, 2461
91, 2462
178, 2463
175, 2464
90, 2465
179, 2466
89, 2467
184, 2468
183, 2469
89, 2470
180, 2471
184, 2472
68, 2473
173, 2474
93, 2475
173, 2476
92, 2477
180, 2478
186, 2479
89, 2480
184, 2481
89, 2482
182, 2483
175, 2484
91, 2485
175, 2486
171, 2487
90, 2488
178, 2489
90, 2490
177, 2491
184, 2492
92, 2493
181, 2494
90, 2495
176, 2496
176, 2497
89, 2498
181, 2499
182, 2500
86, 2501
175, 2502
91, 2503
177, 2504
175, 2505
89, 2506
173, 2507
89, 2508
183, 2509
178, 2510
89, 2511
181, 2512
88, 2513
179, 2514
179, 2515
88, 2516
173, 2517
183, 2518
87, 2519
182, 2520
87, 2521
181, 2522
183, 2523
89, 2524
173, 2525
89, 2526
180, 2527
177, 2528
90, 2529
178, 2530
90, 2531
180, 2532
175, 2533
88, 2534
179, 2535
180, 2536
90, 2537
180, 2538
90, 2539
178, 2540
172, 2541
90, 2542
176, 2543
90, 2544
179, 2545
170, 2546
89, 2547
175, 2548
90, 2549
181, 2550
182, 2551
88, 2552
166, 2553
172, 2554
90, 2555
173, 2556
92, 2557
171, 2558
180, 2559
87, 2560
178, 2561
88, 2562
179, 2563
175, 2564
89, 2565
169, 2566
89, 2567
177, 2568
180, 2569
88, 2570
177, 2571
86, 2572
178, 2573
180, 2574
88, 2575
179, 2576
169, 2577
89, 2578
173, 2579
89, 2580
177, 2581
180, 2582
88, 2583
181, 2584
86, 2585
182, 2586
176, 2587
88, 2588
175, 2589
89, 2590
168, 2591
180, 2592
87, 2593
179, 2594
90, 2595
172, 2596
179, 2597
88, 2598
177, 2599
89, 2600
158, 2601
177, 2602
89, 2603
180, 2604
87, 2605
180, 2606
170, 2607
89, 2608
176, 2609
90, 2610
170, 2611
169, 2612
85, 2613
179, 2614
85, 2615
175, 2616
166, 2617
90, 2618
164, 2619
88, 2620
175, 2621
179, 2622
86, 2623
172, 2624
85, 2625
179, 2626
174, 2627
88, 2628
173, 2629
89, 2630
171, 2631
172, 2632
85, 2633
171, 2634
88, 2635
171, 2636
179, 2637
87, 2638
177, 2639
86, 2640
176, 2641
172, 2642
86, 2643
175, 2644
87, 2645
170, 2646
162, 2647
87, 2648
175, 2649
88, 2650
170, 2651
168, 2652
86, 2653
172, 2654
87, 2655
171, 2656
170, 2657
86, 2658
173, 2659
86, 2660
177, 2661
174, 2662
87, 2663
169, 2664
87, 2665
172, 2666
171, 2667
86, 2668
174, 2669
86, 2670
174, 2671
86, 2672
168, 2673
176, 2674
85, 2675
172, 2676
85, 2677
171, 2678
170, 2679
87, 2680
172, 2681
86, 2682
168, 2683
177, 2684
85, 2685
172, 2686
86, 2687
174, 2688
173, 2689
86, 2690
166, 2691
86, 2692
171, 2693
87, 2694
176, 2695
170, 2696
87, 2697
173, 2698
86, 2699
166, 2700
154, 2701
88, 2702
164, 2703
85, 2704
167, 2705
171, 2706
84, 2707
170, 2708
89, 2709
171, 2710
87, 2711
166, 2712
173, 2713
84, 2714
166, 2715
88, 2716
168, 2717
177, 2718
83, 2719
171, 2720
66, 2721
174, 2722
83, 2723
172, 2724
85, 2725
162, 2726
168, 2727
87, 2728
170, 2729
85, 2730
170, 2731
165, 2732
85, 2733
169, 2734
87, 2735
167, 2736
84, 2737
171, 2738
170, 2739
84, 2740
168, 2741
84, 2742
171, 2743
172, 2744
83, 2745
169, 2746
85, 2747
172, 2748
85, 2749
175, 2750
172, 2751
85, 2752
161, 2753
84, 2754
170, 2755
162, 2756
85, 2757
167, 2758
84, 2759
170, 2760
85, 2761
172, 2762
166, 2763
86, 2764
170, 2765
84, 2766
171, 2767
175, 2768
84, 2769
173, 2770
82, 2771
170, 2772
84, 2773
159, 2774
168, 2775
85, 2776
170, 2777
84, 2778
167, 2779
86, 2780
174, 2781
171, 2782
83, 2783
171, 2784
83, 2785
169, 2786
173, 2787
83, 2788
170, 2789
83, 2790
168, 2791
84, 2792
166, 2793
171, 2794
84, 2795
173, 2796
83, 2797
170, 2798
168, 2799
82, 2800
156, 2801
86, 2802
172, 2803
84, 2804
170, 2805
163, 2806
86, 2807
168, 2808
87, 2809
168, 2810
164, 2811
83, 2812
170, 2813
82, 2814
172, 2815
81, 2816
170, 2817
170, 2818
83, 2819
169, 2820
84, 2821
167, 2822
85, 2823
169, 2824
167, 2825
83, 2826
171, 2827
83, 2828
167, 2829
83, 2830
173, 2831
168, 2832
82, 2833
167, 2834
82, 2835
162, 2836
84, 2837
170, 2838
171, 2839
85, 2840
170, 2841
84, 2842
168, 2843
164, 2844
82, 2845
169, 2846
82, 2847
168, 2848
84, 2849
167, 2850
167, 2851
84, 2852
168, 2853
82, 2854
166, 2855
82, 2856
166, 2857
169, 2858
82, 2859
169, 2860
83, 2861
170, 2862
82, 2863
165, 2864
163, 2865
82, 2866
167, 2867
84, 2868
163, 2869
83, 2870
160, 2871
171, 2872
81, 2873
169, 2874
83, 2875
165, 2876
82, 2877
166, 2878
162, 2879
83, 2880
168, 2881
81, 2882
160, 2883
84, 2884
165, 2885
85, 2886
167, 2887
172, 2888
82, 2889
170, 2890
83, 2891
165, 2892
164, 2893
79, 2894
168, 2895
82, 2896
166, 2897
80, 2898
167, 2899
82, 2900
152, 2901
168, 2902
83, 2903
160, 2904
81, 2905
165, 2906
81, 2907
167, 2908
83, 2909
168, 2910
167, 2911
83, 2912
165, 2913
81, 2914
165, 2915
82, 2916
164, 2917
160, 2918
81, 2919
162, 2920
82, 2921
160, 2922
82, 2923
168, 2924
166, 2925
81, 2926
163, 2927
82, 2928
163, 2929
81, 2930
167, 2931
81, 2932
166, 2933
164, 2934
82, 2935
157, 2936
82, 2937
166, 2938
82, 2939
160, 2940
170, 2941
82, 2942
167, 2943
83, 2944
166, 2945
81, 2946
169, 2947
157, 2948
82, 2949
165, 2950
84, 2951
162, 2952
79, 2953
171, 2954
81, 2955
165, 2956
164, 2957
82, 2958
165, 2959
81, 2960
162, 2961
82, 2962
166, 2963
164, 2964
82, 2965
164, 2966
80, 2967
162, 2968
80, 2969
166, 2970
81, 2971
165, 2972
103, 2973
81, 2974
83, 2975
157, 2976
167, 2977
81, 2978
161, 2979
84, 2980
164, 2981
82, 2982
162, 2983
83, 2984
158, 2985
167, 2986
80, 2987
160, 2988
82, 2989
163, 2990
82, 2991
165, 2992
157, 2993
80, 2994
162, 2995
82, 2996
158, 2997
81, 2998
166, 2999
80, 3000
150, 3001
81, 3002
164, 3003
162, 3004
80, 3005
165, 3006
80, 3007
163, 3008
77, 3009
153, 3010
80, 3011
165, 3012
164, 3013
81, 3014
162, 3015
82, 3016
157, 3017
81, 3018
160, 3019
82, 3020
164, 3021
162, 3022
78, 3023
162, 3024
82, 3025
160, 3026
81, 3027
159, 3028
81, 3029
162, 3030
79, 3031
156, 3032
165, 3033
80, 3034
162, 3035
76, 3036
158, 3037
80, 3038
161, 3039
79, 3040
161, 3041
80, 3042
162, 3043
162, 3044
81, 3045
156, 3046
80, 3047
163, 3048
79, 3049
158, 3050
80, 3051
161, 3052
154, 3053
80, 3054
159, 3055
77, 3056
164, 3057
79, 3058
159, 3059
79, 3060
162, 3061
81, 3062
157, 3063
160, 3064
77, 3065
163, 3066
80, 3067
159, 3068
81, 3069
158, 3070
80, 3071
156, 3072
82, 3073
160, 3074
162, 3075
78, 3076
161, 3077
80, 3078
161, 3079
78, 3080
161, 3081
79, 3082
156, 3083
80, 3084
156, 3085
78, 3086
155, 3087
165, 3088
78, 3089
157, 3090
77, 3091
156, 3092
79, 3093
160, 3094
79, 3095
160, 3096
79, 3097
154, 3098
78, 3099
159, 3100
142, 3101
80, 3102
161, 3103
79, 3104
160, 3105
78, 3106
161, 3107
77, 3108
160, 3109
77, 3110
157, 3111
78, 3112
161, 3113
78, 3114
160, 3115
156, 3116
78, 3117
159, 3118
78, 3119
158, 3120
79, 3121
156, 3122
78, 3123
159, 3124
79, 3125
155, 3126
79, 3127
156, 3128
158, 3129
77, 3130
155, 3131
78, 3132
156, 3133
78, 3134
156, 3135
79, 3136
149, 3137
79, 3138
159, 3139
80, 3140
155, 3141
80, 3142
153, 3143
141, 3144
79, 3145
159, 3146
80, 3147
158, 3148
78, 3149
158, 3150
77, 3151
160, 3152
78, 3153
159, 3154
77, 3155
161, 3156
78, 3157
155, 3158
160, 3159
76, 3160
159, 3161
77, 3162
158, 3163
76, 3164
155, 3165
79, 3166
159, 3167
78, 3168
159, 3169
79, 3170
156, 3171
79, 3172
161, 3173
158, 3174
80, 3175
158, 3176
77, 3177
157, 3178
77, 3179
155, 3180
79, 3181
156, 3182
78, 3183
155, 3184
78, 3185
159, 3186
149, 3187
78, 3188
157, 3189
79, 3190
155, 3191
78, 3192
154, 3193
79, 3194
158, 3195
76, 3196
156, 3197
79, 3198
158, 3199
77, 3200
144, 3201
79, 3202
155, 3203
157, 3204
77, 3205
157, 3206
77, 3207
149, 3208
77, 3209
155, 3210
78, 3211
156, 3212
79, 3213
149, 3214
80, 3215
155, 3216
78, 3217
157, 3218
79, 3219
152, 3220
152, 3221
77, 3222
102, 3223
78, 3224
78, 3225
157, 3226
77, 3227
154, 3228
76, 3229
158, 3230
155, 3231
78, 3232
158, 3233
77, 3234
155, 3235
77, 3236
154, 3237
72, 3238
156, 3239
77, 3240
154, 3241
78, 3242
151, 3243
77, 3244
152, 3245
78, 3246
154, 3247
77, 3248
151, 3249
78, 3250
158, 3251
77, 3252
155, 3253
154, 3254
75, 3255
150, 3256
76, 3257
156, 3258
76, 3259
152, 3260
76, 3261
146, 3262
78, 3263
155, 3264
78, 3265
155, 3266
78, 3267
157, 3268
76, 3269
154, 3270
74, 3271
151, 3272
74, 3273
152, 3274
75, 3275
149, 3276
75, 3277
153, 3278
75, 3279
154, 3280
76, 3281
148, 3282
76, 3283
151, 3284
78, 3285
155, 3286
152, 3287
75, 3288
155, 3289
77, 3290
158, 3291
77, 3292
154, 3293
76, 3294
153, 3295
77, 3296
153, 3297
74, 3298
153, 3299
74, 3300
142, 3301
76, 3302
144, 3303
77, 3304
151, 3305
76, 3306
152, 3307
76, 3308
154, 3309
77, 3310
152, 3311
76, 3312
155, 3313
75, 3314
154, 3315
77, 3316
149, 3317
75, 3318
156, 3319
75, 3320
154, 3321
76, 3322
149, 3323
74, 3324
153, 3325
74, 3326
152, 3327
74, 3328
153, 3329
76, 3330
144, 3331
72, 3332
151, 3333
76, 3334
155, 3335
149, 3336
74, 3337
154, 3338
75, 3339
152, 3340
74, 3341
146, 3342
78, 3343
147, 3344
76, 3345
152, 3346
75, 3347
155, 3348
76, 3349
155, 3350
74, 3351
149, 3352
77, 3353
154, 3354
75, 3355
151, 3356
75, 3357
154, 3358
75, 3359
150, 3360
74, 3361
151, 3362
74, 3363
152, 3364
75, 3365
147, 3366
76, 3367
151, 3368
75, 3369
153, 3370
75, 3371
153, 3372
75, 3373
154, 3374
74, 3375
152, 3376
76, 3377
151, 3378
76, 3379
149, 3380
74, 3381
152, 3382
75, 3383
151, 3384
72, 3385
145, 3386
76, 3387
152, 3388
73, 3389
150, 3390
73, 3391
147, 3392
75, 3393
149, 3394
76, 3395
154, 3396
75, 3397
145, 3398
75, 3399
152, 3400
71, 3401
146, 3402
75, 3403
151, 3404
75, 3405
148, 3406
76, 3407
143, 3408
75, 3409
151, 3410
72, 3411
149, 3412
76, 3413
152, 3414
75, 3415
127, 3416
61, 3417
135, 3418
63, 3419
55, 3420
56, 3421
147, 3422
75, 3423
154, 3424
74, 3425
152, 3426
74, 3427
148, 3428
75, 3429
153, 3430
74, 3431
153, 3432
76, 3433
148, 3434
76, 3435
152, 3436
75, 3437
150, 3438
74, 3439
154, 3440
74, 3441
144, 3442
75, 3443
152, 3444
75, 3445
153, 3446
74, 3447
149, 3448
74, 3449
147, 3450
72, 3451
151, 3452
75, 3453
145, 3454
75, 3455
149, 3456
72, 3457
152, 3458
74, 3459
153, 3460
74, 3461
148, 3462
76, 3463
144, 3464
74, 3465
148, 3466
74, 3467
148, 3468
73, 3469
150, 3470
72, 3471
149, 3472
74, 3473
152, 3474
72, 3475
145, 3476
57, 3477
76, 3478
150, 3479
74, 3480
148, 3481
74, 3482
148, 3483
74, 3484
153, 3485
74, 3486
149, 3487
74, 3488
150, 3489
73, 3490
148, 3491
74, 3492
148, 3493
71, 3494
150, 3495
74, 3496
152, 3497
72, 3498
149, 3499
74, 3500
136, 3501
76, 3502
144, 3503
74, 3504
151, 3505
73, 3506
151, 3507
75, 3508
148, 3509
75, 3510
145, 3511
75, 3512
75, 3513
148, 3514
146, 3515
73, 3516
75, 3517
149, 3518
73, 3519
149, 3520
72, 3521
150, 3522
75, 3523
150, 3524
74, 3525
144, 3526
74, 3527
151, 3528
73, 3529
148, 3530
72, 3531
145, 3532
74, 3533
148, 3534
73, 3535
151, 3536
72, 3537
146, 3538
72, 3539
149, 3540
73, 3541
145, 3542
73, 3543
147, 3544
73, 3545
147, 3546
74, 3547
138, 3548
73, 3549
144, 3550
74, 3551
75, 3552
148, 3553
147, 3554
71, 3555
75, 3556
148, 3557
72, 3558
149, 3559
72, 3560
148, 3561
73, 3562
146, 3563
71, 3564
148, 3565
71, 3566
146, 3567
72, 3568
143, 3569
74, 3570
150, 3571
71, 3572
148, 3573
72, 3574
149, 3575
71, 3576
140, 3577
73, 3578
72, 3579
144, 3580
74, 3581
140, 3582
69, 3583
144, 3584
72, 3585
147, 3586
72, 3587
149, 3588
73, 3589
145, 3590
72, 3591
147, 3592
72, 3593
149, 3594
71, 3595
72, 3596
148, 3597
71, 3598
148, 3599
74, 3600
138, 3601
70, 3602
144, 3603
70, 3604
145, 3605
70, 3606
142, 3607
69, 3608
144, 3609
70, 3610
72, 3611
147, 3612
72, 3613
149, 3614
71, 3615
146, 3616
71, 3617
140, 3618
73, 3619
147, 3620
70, 3621
149, 3622
71, 3623
148, 3624
71, 3625
147, 3626
71, 3627
73, 3628
143, 3629
72, 3630
145, 3631
72, 3632
148, 3633
70, 3634
144, 3635
72, 3636
145, 3637
73, 3638
148, 3639
71, 3640
143, 3641
71, 3642
143, 3643
69, 3644
72, 3645
143, 3646
73, 3647
147, 3648
70, 3649
147, 3650
71, 3651
146, 3652
69, 3653
147, 3654
72, 3655
143, 3656
71, 3657
138, 3658
71, 3659
71, 3660
148, 3661
72, 3662
147, 3663
70, 3664
143, 3665
72, 3666
145, 3667
72, 3668
147, 3669
71, 3670
142, 3671
72, 3672
144, 3673
69, 3674
72, 3675
139, 3676
70, 3677
146, 3678
70, 3679
148, 3680
70, 3681
146, 3682
72, 3683
142, 3684
70, 3685
143, 3686
70, 3687
71, 3688
141, 3689
71, 3690
143, 3691
71, 3692
141, 3693
70, 3694
144, 3695
71, 3696
145, 3697
71, 3698
144, 3699
70, 3700
69, 3701
142, 3702
71, 3703
144, 3704
68, 3705
145, 3706
71, 3707
142, 3708
71, 3709
146, 3710
70, 3711
72, 3712
144, 3713
71, 3714
143, 3715
71, 3716
143, 3717
71, 3718
142, 3719
72, 3720
146, 3721
70, 3722
145, 3723
70, 3724
142, 3725
70, 3726
70, 3727
140, 3728
71, 3729
96, 3730
69, 3731
71, 3732
143, 3733
71, 3734
137, 3735
71, 3736
143, 3737
70, 3738
142, 3739
70, 3740
142, 3741
70, 3742
71, 3743
144, 3744
70, 3745
144, 3746
71, 3747
140, 3748
70, 3749
140, 3750
71, 3751
145, 3752
69, 3753
70, 3754
143, 3755
70, 3756
144, 3757
71, 3758
144, 3759
71, 3760
142, 3761
71, 3762
143, 3763
71, 3764
144, 3765
70, 3766
71, 3767
141, 3768
69, 3769
143, 3770
71, 3771
141, 3772
71, 3773
144, 3774
71, 3775
142, 3776
71, 3777
71, 3778
138, 3779
69, 3780
140, 3781
70, 3782
140, 3783
70, 3784
136, 3785
69, 3786
71, 3787
143, 3788
69, 3789
140, 3790
71, 3791
141, 3792
70, 3793
141, 3794
70, 3795
144, 3796
68, 3797
70, 3798
143, 3799
69, 3800
133, 3801
71, 3802
142, 3803
70, 3804
142, 3805
69, 3806
67, 3807
142, 3808
70, 3809
140, 3810
68, 3811
142, 3812
70, 3813
142, 3814
70, 3815
69, 3816
139, 3817
69, 3818
139, 3819
70, 3820
142, 3821
70, 3822
143, 3823
69, 3824
70, 3825
139, 3826
69, 3827
143, 3828
69, 3829
142, 3830
69, 3831
142, 3832
69, 3833
70, 3834
143, 3835
68, 3836
142, 3837
69, 3838
143, 3839
70, 3840
139, 3841
69, 3842
69, 3843
144, 3844
69, 3845
140, 3846
70, 3847
142, 3848
69, 3849
142, 3850
68, 3851
69, 3852
141, 3853
69, 3854
139, 3855
69, 3856
140, 3857
69, 3858
144, 3859
69, 3860
70, 3861
140, 3862
70, 3863
138, 3864
69, 3865
134, 3866
69, 3867
138, 3868
70, 3869
69, 3870
136, 3871
69, 3872
136, 3873
69, 3874
140, 3875
69, 3876
72, 3877
140, 3878
69, 3879
139, 3880
70, 3881
136, 3882
70, 3883
140, 3884
70, 3885
136, 3886
68, 3887
70, 3888
139, 3889
68, 3890
138, 3891
70, 3892
137, 3893
70, 3894
68, 3895
138, 3896
68, 3897
138, 3898
70, 3899
140, 3900
65, 3901
70, 3902
140, 3903
69, 3904
141, 3905
67, 3906
136, 3907
70, 3908
68, 3909
139, 3910
68, 3911
138, 3912
67, 3913
138, 3914
68, 3915
69, 3916
141, 3917
67, 3918
136, 3919
70, 3920
138, 3921
68, 3922
139, 3923
69, 3924
69, 3925
138, 3926
69, 3927
138, 3928
70, 3929
139, 3930
68, 3931
70, 3932
138, 3933
69, 3934
135, 3935
68, 3936
136, 3937
67, 3938
70, 3939
141, 3940
69, 3941
137, 3942
68, 3943
137, 3944
68, 3945
69, 3946
140, 3947
69, 3948
137, 3949
68, 3950
138, 3951
67, 3952
135, 3953
68, 3954
68, 3955
137, 3956
68, 3957
140, 3958
67, 3959
135, 3960
67, 3961
69, 3962
137, 3963
65, 3964
140, 3965
67, 3966
69, 3967
136, 3968
69, 3969
138, 3970
67, 3971
133, 3972
67, 3973
65, 3974
138, 3975
67, 3976
140, 3977
67, 3978
68, 3979
138, 3980
68, 3981
137, 3982
55, 3983
68, 3984
132, 3985
67, 3986
137, 3987
67, 3988
69, 3989
137, 3990
66, 3991
134, 3992
68, 3993
137, 3994
67, 3995
68, 3996
135, 3997
65, 3998
139, 3999
68, 4000
64, 4001
140, 4002
67, 4003
138, 4004
66, 4005
68, 4006
135, 4007
67, 4008
135, 4009
67, 4010
135, 4011
64, 4012
68, 4013
135, 4014
68, 4015
131, 4016
66, 4017
68, 4018
138, 4019
65, 4020
139, 4021
67, 4022
69, 4023
137, 4024
65, 4025
140, 4026
67, 4027
135, 4028
68, 4029
66, 4030
133, 4031
66, 4032
137, 4033
67, 4034
67, 4035
136, 4036
67, 4037
129, 4038
67, 4039
68, 4040
137, 4041
66, 4042
128, 4043
65, 4044
68, 4045
136, 4046
68, 4047
134, 4048
67, 4049
140, 4050
66, 4051
68, 4052
135, 4053
68, 4054
135, 4055
66, 4056
69, 4057
134, 4058
66, 4059
138, 4060
67, 4061
137, 4062
67, 4063
66, 4064
135, 4065
66, 4066
135, 4067
65, 4068
67, 4069
135, 4070
66, 4071
131, 4072
63, 4073
67, 4074
133, 4075
67, 4076
131, 4077
66, 4078
66, 4079
136, 4080
66, 4081
137, 4082
66, 4083
67, 4084
132, 4085
64, 4086
136, 4087
65, 4088
66, 4089
131, 4090
65, 4091
65, 4092
137, 4093
66, 4094
131, 4095
67, 4096
64, 4097
127, 4098
65, 4099
139, 4100
62, 4101
66, 4102
137, 4103
65, 4104
136, 4105
64, 4106
66, 4107
135, 4108
65, 4109
134, 4110
64, 4111
64, 4112
137, 4113
66, 4114
66, 4115
136, 4116
64, 4117
135, 4118
64, 4119
65, 4120
134, 4121
65, 4122
133, 4123
64, 4124
65, 4125
138, 4126
65, 4127
132, 4128
64, 4129
65, 4130
135, 4131
65, 4132
65, 4133
133, 4134
65, 4135
137, 4136
65, 4137
65, 4138
135, 4139
64, 4140
134, 4141
59, 4142
64, 4143
129, 4144
65, 4145
66, 4146
132, 4147
64, 4148
63, 4149
136, 4150
64, 4151
129, 4152
65, 4153
65, 4154
134, 4155
63, 4156
66, 4157
135, 4158
63, 4159
134, 4160
64, 4161
66, 4162
131, 4163
64, 4164
135, 4165
64, 4166
64, 4167
135, 4168
66, 4169
65, 4170
135, 4171
64, 4172
133, 4173
63, 4174
66, 4175
131, 4176
64, 4177
64, 4178
132, 4179
64, 4180
136, 4181
64, 4182
65, 4183
133, 4184
65, 4185
126, 4186
64, 4187
65, 4188
135, 4189
63, 4190
65, 4191
134, 4192
64, 4193
131, 4194
62, 4195
66, 4196
129, 4197
61, 4198
64, 4199
132, 4200
62, 4201
65, 4202
130, 4203
65, 4204
135, 4205
64, 4206
62, 4207
124, 4208
64, 4209
65, 4210
133, 4211
64, 4212
132, 4213
63, 4214
64, 4215
134, 4216
64, 4217
65, 4218
133, 4219
64, 4220
132, 4221
64, 4222
63, 4223
131, 4224
64, 4225
65, 4226
130, 4227
64, 4228
63, 4229
134, 4230
63, 4231
133, 4232
64, 4233
65, 4234
128, 4235
63, 4236
65, 4237
131, 4238
44, 4239
54, 4240
64, 4241
63, 4242
133, 4243
63, 4244
135, 4245
63, 4246
65, 4247
132, 4248
63, 4249
65, 4250
133, 4251
62, 4252
134, 4253
62, 4254
65, 4255
129, 4256
63, 4257
64, 4258
136, 4259
63, 4260
64, 4261
134, 4262
61, 4263
132, 4264
62, 4265
63, 4266
132, 4267
63, 4268
61, 4269
135, 4270
62, 4271
62, 4272
128, 4273
61, 4274
63, 4275
130, 4276
61, 4277
64, 4278
132, 4279
62, 4280
64, 4281
131, 4282
63, 4283
133, 4284
62, 4285
62, 4286
135, 4287
62, 4288
63, 4289
133, 4290
61, 4291
62, 4292
128, 4293
61, 4294
62, 4295
128, 4296
61, 4297
62, 4298
130, 4299
62, 4300
60, 4301
130, 4302
62, 4303
63, 4304
135, 4305
61, 4306
62, 4307
130, 4308
63, 4309
63, 4310
125, 4311
62, 4312
132, 4313
61, 4314
62, 4315
130, 4316
62, 4317
63, 4318
126, 4319
61, 4320
62, 4321
130, 4322
61, 4323
62, 4324
133, 4325
61, 4326
62, 4327
131, 4328
62, 4329
61, 4330
129, 4331
60, 4332
62, 4333
131, 4334
61, 4335
61, 4336
130, 4337
61, 4338
61, 4339
133, 4340
63, 4341
63, 4342
132, 4343
63, 4344
62, 4345
130, 4346
59, 4347
62, 4348
127, 4349
62, 4350
63, 4351
131, 4352
62, 4353
62, 4354
130, 4355
61, 4356
62, 4357
133, 4358
61, 4359
62, 4360
128, 4361
61, 4362
62, 4363
128, 4364
61, 4365
62, 4366
129, 4367
59, 4368
62, 4369
130, 4370
63, 4371
62, 4372
131, 4373
60, 4374
63, 4375
131, 4376
63, 4377
62, 4378
126, 4379
61, 4380
62, 4381
131, 4382
61, 4383
62, 4384
128, 4385
62, 4386
63, 4387
128, 4388
62, 4389
130, 4390
61, 4391
63, 4392
129, 4393
61, 4394
63, 4395
132, 4396
61, 4397
62, 4398
128, 4399
62, 4400
59, 4401
131, 4402
61, 4403
63, 4404
131, 4405
61, 4406
62, 4407
129, 4408
60, 4409
62, 4410
132, 4411
59, 4412
61, 4413
132, 4414
61, 4415
62, 4416
128, 4417
60, 4418
62, 4419
62, 4420
131, 4421
61, 4422
61, 4423
125, 4424
61, 4425
60, 4426
128, 4427
60, 4428
61, 4429
129, 4430
60, 4431
62, 4432
131, 4433
59, 4434
60, 4435
123, 4436
59, 4437
61, 4438
61, 4439
130, 4440
60, 4441
60, 4442
131, 4443
60, 4444
61, 4445
126, 4446
59, 4447
59, 4448
129, 4449
60, 4450
62, 4451
129, 4452
61, 4453
61, 4454
130, 4455
61, 4456
61, 4457
129, 4458
61, 4459
61, 4460
130, 4461
60, 4462
61, 4463
61, 4464
128, 4465
60, 4466
62, 4467
128, 4468
60, 4469
61, 4470
129, 4471
60, 4472
61, 4473
128, 4474
60, 4475
61, 4476
129, 4477
60, 4478
60, 4479
127, 4480
59, 4481
61, 4482
62, 4483
130, 4484
50, 4485
61, 4486
61, 4487
127, 4488
60, 4489
62, 4490
128, 4491
59, 4492
60, 4493
130, 4494
61, 4495
61, 4496
129, 4497
58, 4498
60, 4499
129, 4500
59, 4501
60, 4502
59, 4503
127, 4504
59, 4505
60, 4506
126, 4507
58, 4508
60, 4509
60, 4510
126, 4511
59, 4512
60, 4513
128, 4514
58, 4515
58, 4516
59, 4517
127, 4518
60, 4519
60, 4520
130, 4521
59, 4522
59, 4523
125, 4524
58, 4525
58, 4526
58, 4527
128, 4528
58, 4529
60, 4530
59, 4531
128, 4532
59, 4533
60, 4534
127, 4535
58, 4536
58, 4537
59, 4538
120, 4539
59, 4540
59, 4541
128, 4542
58, 4543
59, 4544
58, 4545
127, 4546
58, 4547
58, 4548
127, 4549
58, 4550
58, 4551
59, 4552
127, 4553
58, 4554
59, 4555
59, 4556
125, 4557
57, 4558
59, 4559
127, 4560
59, 4561
59, 4562
59, 4563
129, 4564
58, 4565
58, 4566
127, 4567
57, 4568
60, 4569
58, 4570
125, 4571
59, 4572
59, 4573
59, 4574
128, 4575
58, 4576
58, 4577
126, 4578
57, 4579
59, 4580
59, 4581
127, 4582
58, 4583
60, 4584
124, 4585
56, 4586
59, 4587
59, 4588
128, 4589
59, 4590
58, 4591
58, 4592
124, 4593
57, 4594
59, 4595
127, 4596
59, 4597
60, 4598
59, 4599
126, 4600
56, 4601
59, 4602
56, 4603
120, 4604
58, 4605
58, 4606
59, 4607
124, 4608
58, 4609
60, 4610
126, 4611
56, 4612
58, 4613
59, 4614
125, 4615
58, 4616
59, 4617
59, 4618
121, 4619
58, 4620
59, 4621
126, 4622
58, 4623
57, 4624
57, 4625
123, 4626
58, 4627
58, 4628
57, 4629
125, 4630
57, 4631
59, 4632
58, 4633
119, 4634
57, 4635
57, 4636
59, 4637
126, 4638
58, 4639
58, 4640
57, 4641
120, 4642
56, 4643
58, 4644
58, 4645
123, 4646
58, 4647
59, 4648
58, 4649
127, 4650
57, 4651
59, 4652
126, 4653
58, 4654
59, 4655
58, 4656
122, 4657
57, 4658
57, 4659
58, 4660
120, 4661
58, 4662
58, 4663
59, 4664
125, 4665
58, 4666
59, 4667
119, 4668
57, 4669
59, 4670
58, 4671
124, 4672
56, 4673
58, 4674
60, 4675
125, 4676
57, 4677
58, 4678
58, 4679
125, 4680
58, 4681
58, 4682
60, 4683
125, 4684
57, 4685
58, 4686
116, 4687
58, 4688
59, 4689
57, 4690
121, 4691
58, 4692
58, 4693
57, 4694
128, 4695
58, 4696
59, 4697
56, 4698
125, 4699
57, 4700
55, 4701
56, 4702
121, 4703
57, 4704
58, 4705
58, 4706
124, 4707
57, 4708
57, 4709
58, 4710
125, 4711
57, 4712
58, 4713
57, 4714
123, 4715
57, 4716
58, 4717
57, 4718
116, 4719
57, 4720
57, 4721
57, 4722
57, 4723
120, 4724
56, 4725
58, 4726
58, 4727
125, 4728
57, 4729
58, 4730
57, 4731
123, 4732
57, 4733
57, 4734
48, 4735
57, 4736
124, 4737
57, 4738
58, 4739
57, 4740
125, 4741
56, 4742
57, 4743
57, 4744
125, 4745
56, 4746
56, 4747
57, 4748
58, 4749
125, 4750
56, 4751
57, 4752
57, 4753
124, 4754
57, 4755
58, 4756
57, 4757
121, 4758
56, 4759
56, 4760
58, 4761
119, 4762
47, 4763
52, 4764
57, 4765
57, 4766
58, 4767
122, 4768
57, 4769
58, 4770
58, 4771
121, 4772
57, 4773
58, 4774
58, 4775
124, 4776
57, 4777
57, 4778
58, 4779
118, 4780
56, 4781
58, 4782
56, 4783
57, 4784
122, 4785
56, 4786
58, 4787
57, 4788
123, 4789
57, 4790
57, 4791
57, 4792
125, 4793
55, 4794
57, 4795
56, 4796
125, 4797
56, 4798
57, 4799
57, 4800
114, 4801
56, 4802
55, 4803
56, 4804
56, 4805
123, 4806
56, 4807
57, 4808
55, 4809
57, 4810
125, 4811
55, 4812
55, 4813
55, 4814
56, 4815
121, 4816
55, 4817
56, 4818
56, 4819
121, 4820
56, 4821
56, 4822
57, 4823
56, 4824
123, 4825
55, 4826
56, 4827
56, 4828
119, 4829
57, 4830
55, 4831
56, 4832
55, 4833
120, 4834
54, 4835
56, 4836
56, 4837
56, 4838
122, 4839
56, 4840
56, 4841
54, 4842
56, 4843
122, 4844
55, 4845
56, 4846
56, 4847
57, 4848
121, 4849
55, 4850
56, 4851
56, 4852
121, 4853
56, 4854
55, 4855
56, 4856
57, 4857
117, 4858
56, 4859
56, 4860
55, 4861
119, 4862
56, 4863
56, 4864
55, 4865
56, 4866
121, 4867
55, 4868
56, 4869
56, 4870
57, 4871
123, 4872
55, 4873
57, 4874
55, 4875
122, 4876
56, 4877
55, 4878
56, 4879
55, 4880
120, 4881
55, 4882
55, 4883
56, 4884
56, 4885
123, 4886
54, 4887
56, 4888
57, 4889
56, 4890
123, 4891
55, 4892
55, 4893
56, 4894
54, 4895
121, 4896
54, 4897
54, 4898
55, 4899
56, 4900
109, 4901
54, 4902
55, 4903
53, 4904
55, 4905
55, 4906
121, 4907
55, 4908
56, 4909
54, 4910
54, 4911
121, 4912
55, 4913
53, 4914
54, 4915
54, 4916
54, 4917
55, 4918
120, 4919
54, 4920
54, 4921
55, 4922
55, 4923
119, 4924
54, 4925
55, 4926
56, 4927
55, 4928
118, 4929
54, 4930
55, 4931
55, 4932
53, 4933
55, 4934
118, 4935
54, 4936
56, 4937
55, 4938
55, 4939
121, 4940
54, 4941
55, 4942
52, 4943
53, 4944
56, 4945
123, 4946
55, 4947
54, 4948
54, 4949
54, 4950
55, 4951
120, 4952
54, 4953
54, 4954
53, 4955
54, 4956
55, 4957
121, 4958
52, 4959
54, 4960
54, 4961
56, 4962
122, 4963
53, 4964
54, 4965
54, 4966
54, 4967
52, 4968
55, 4969
120, 4970
53, 4971
54, 4972
53, 4973
54, 4974
54, 4975
120, 4976
54, 4977
54, 4978
54, 4979
55, 4980
55, 4981
118, 4982
52, 4983
45, 4984
55, 4985
54, 4986
55, 4987
53, 4988
54, 4989
55, 4990
121, 4991
53, 4992
53, 4993
54, 4994
53, 4995
53, 4996
117, 4997
54, 4998
53, 4999
53, 5000
50, 5001
53, 5002
53, 5003
55, 5004
118, 5005
52, 5006
53, 5007
54, 5008
54, 5009
52, 5010
53, 5011
54, 5012
119, 5013
52, 5014
52, 5015
53, 5016
53, 5017
54, 5018
53, 5019
116, 5020
52, 5021
53, 5022
53, 5023
52, 5024
54, 5025
51, 5026
53, 5027
117, 5028
52, 5029
52, 5030
53, 5031
53, 5032
53, 5033
52, 5034
53, 5035
53, 5036
119, 5037
51, 5038
52, 5039
54, 5040
53, 5041
53, 5042
52, 5043
53, 5044
120, 5045
52, 5046
52, 5047
53, 5048
53, 5049
53, 5050
51, 5051
53, 5052
53, 5053
116, 5054
52, 5055
52, 5056
53, 5057
52, 5058
52, 5059
54, 5060
52, 5061
118, 5062
53, 5063
52, 5064
50, 5065
53, 5066
53, 5067
53, 5068
52, 5069
53, 5070
121, 5071
52, 5072
53, 5073
50, 5074
52, 5075
51, 5076
52, 5077
52, 5078
53, 5079
117, 5080
51, 5081
52, 5082
53, 5083
53, 5084
52, 5085
51, 5086
52, 5087
53, 5088
51, 5089
119, 5090
51, 5091
49, 5092
53, 5093
51, 5094
52, 5095
51, 5096
51, 5097
51, 5098
53, 5099
52, 5100
50, 5101
51, 5102
116, 5103
51, 5104
53, 5105
52, 5106
51, 5107
50, 5108
53, 5109
53, 5110
52, 5111
53, 5112
53, 5113
119, 5114
52, 5115
51, 5116
52, 5117
52, 5118
51, 5119
50, 5120
51, 5121
52, 5122
53, 5123
117, 5124
51, 5125
52, 5126
51, 5127
51, 5128
51, 5129
52, 5130
52, 5131
52, 5132
51, 5133
51, 5134
49, 5135
52, 5136
116, 5137
52, 5138
52, 5139
52, 5140
52, 5141
50, 5142
52, 5143
51, 5144
52, 5145
49, 5146
51, 5147
52, 5148
51, 5149
116, 5150
52, 5151
51, 5152
51, 5153
51, 5154
52, 5155
51, 5156
51, 5157
51, 5158
51, 5159
51, 5160
50, 5161
50, 5162
49, 5163
51, 5164
51, 5165
52, 5166
116, 5167
52, 5168
51, 5169
51, 5170
51, 5171
52, 5172
51, 5173
49, 5174
52, 5175
51, 5176
51, 5177
50, 5178
52, 5179
51, 5180
51, 5181
116, 5182
51, 5183
52, 5184
52, 5185
51, 5186
50, 5187
52, 5188
51, 5189
51, 5190
52, 5191
51, 5192
51, 5193
50, 5194
51, 5195
51, 5196
114, 5197
50, 5198
50, 5199
51, 5200
50, 5201
51, 5202
49, 5203
49, 5204
47, 5205
51, 5206
51, 5207
52, 5208
52, 5209
52, 5210
49, 5211
51, 5212
51, 5213
52, 5214
51, 5215
52, 5216
51, 5217
117, 5218
50, 5219
51, 5220
50, 5221
50, 5222
51, 5223
51, 5224
51, 5225
51, 5226
51, 5227
49, 5228
51, 5229
50, 5230
52, 5231
52, 5232
50, 5233
51, 5234
44, 5235
51, 5236
50, 5237
50, 5238
51, 5239
51, 5240
50, 5241
51, 5242
52, 5243
116, 5244
49, 5245
49, 5246
50, 5247
52, 5248
49, 5249
52, 5250
51, 5251
51, 5252
50, 5253
51, 5254
51, 5255
51, 5256
50, 5257
50, 5258
49, 5259
51, 5260
50, 5261
49, 5262
50, 5263
51, 5264
50, 5265
51, 5266
50, 5267
50, 5268
51, 5269
50, 5270
51, 5271
117, 5272
48, 5273
51, 5274
51, 5275
50, 5276
49, 5277
50, 5278
50, 5279
51, 5280
49, 5281
50, 5282
48, 5283
51, 5284
49, 5285
51, 5286
51, 5287
50, 5288
50, 5289
50, 5290
50, 5291
51, 5292
50, 5293
50, 5294
50, 5295
50, 5296
50, 5297
50, 5298
49, 5299
50, 5300
49, 5301
50, 5302
50, 5303
50, 5304
50, 5305
51, 5306
51, 5307
50, 5308
49, 5309
51, 5310
50, 5311
50, 5312
50, 5313
50, 5314
49, 5315
50, 5316
50, 5317
50, 5318
49, 5319
48, 5320
50, 5321
50, 5322
49, 5323
50, 5324
50, 5325
51, 5326
50, 5327
112, 5328
49, 5329
49, 5330
51, 5331
50, 5332
51, 5333
50, 5334
50, 5335
49, 5336
51, 5337
50, 5338
51, 5339
50, 5340
50, 5341
50, 5342
50, 5343
49, 5344
51, 5345
51, 5346
50, 5347
51, 5348
50, 5349
50, 5350
50, 5351
49, 5352
50, 5353
51, 5354
50, 5355
50, 5356
50, 5357
49, 5358
49, 5359
48, 5360
48, 5361
49, 5362
50, 5363
47, 5364
50, 5365
49, 5366
48, 5367
48, 5368
48, 5369
49, 5370
49, 5371
47, 5372
49, 5373
49, 5374
49, 5375
48, 5376
49, 5377
49, 5378
49, 5379
47, 5380
49, 5381
49, 5382
49, 5383
49, 5384
49, 5385
48, 5386
48, 5387
50, 5388
50, 5389
49, 5390
49, 5391
48, 5392
49, 5393
49, 5394
50, 5395
49, 5396
49, 5397
49, 5398
49, 5399
49, 5400
47, 5401
50, 5402
50, 5403
49, 5404
49, 5405
50, 5406
49, 5407
49, 5408
49, 5409
50, 5410
51, 5411
50, 5412
50, 5413
49, 5414
49, 5415
48, 5416
50, 5417
49, 5418
49, 5419
49, 5420
49, 5421
50, 5422
48, 5423
49, 5424
48, 5425
50, 5426
49, 5427
49, 5428
49, 5429
48, 5430
34, 5431
49, 5432
49, 5433
49, 5434
49, 5435
50, 5436
48, 5437
50, 5438
49, 5439
49, 5440
49, 5441
49, 5442
49, 5443
50, 5444
50, 5445
49, 5446
48, 5447
50, 5448
49, 5449
50, 5450
50, 5451
48, 5452
50, 5453
49, 5454
49, 5455
50, 5456
50, 5457
49, 5458
49, 5459
50, 5460
49, 5461
49, 5462
49, 5463
49, 5464
49, 5465
49, 5466
49, 5467
49, 5468
50, 5469
49, 5470
49, 5471
50, 5472
48, 5473
50, 5474
49, 5475
48, 5476
49, 5477
49, 5478
48, 5479
48, 5480
49, 5481
47, 5482
49, 5483
47, 5484
49, 5485
42, 5486
34, 5487
48, 5488
49, 5489
48, 5490
49, 5491
48, 5492
47, 5493
46, 5494
49, 5495
48, 5496
49, 5497
49, 5498
49, 5499
49, 5500
48, 5501
29, 5502
40, 5503
38, 5504
29, 5505
48, 5506
47, 5507
33, 5508
48, 5509
49, 5510
48, 5511
48, 5512
48, 5513
47, 5514
48, 5515
47, 5516
46, 5517
48, 5518
47, 5519
48, 5520
48, 5521
33, 5522
47, 5523
47, 5524
48, 5525
47, 5526
46, 5527
47, 5528
46, 5529
46, 5530
46, 5531
33, 5532
47, 5533
47, 5534
47, 5535
47, 5536
46, 5537
47, 5538
46, 5539
48, 5540
48, 5541
47, 5542
32, 5543
46, 5544
47, 5545
48, 5546
47, 5547
48, 5548
46, 5549
47, 5550
47, 5551
47, 5552
32, 5553
47, 5554
48, 5555
48, 5556
47, 5557
47, 5558
47, 5559
47, 5560
47, 5561
48, 5562
48, 5563
33, 5564
47, 5565
48, 5566
47, 5567
47, 5568
48, 5569
47, 5570
48, 5571
48, 5572
47, 5573
47, 5574
47, 5575
45, 5576
32, 5577
47, 5578
46, 5579
47, 5580
46, 5581
47, 5582
47, 5583
45, 5584
32, 5585
46, 5586
46, 5587
46, 5588
46, 5589
46, 5590
47, 5591
47, 5592
32, 5593
46, 5594
46, 5595
47, 5596
47, 5597
47, 5598
47, 5599
47, 5600
46, 5601
32, 5602
47, 5603
46, 5604
47, 5605
48, 5606
48, 5607
47, 5608
47, 5609
47, 5610
47, 5611
33, 5612
48, 5613
48, 5614
47, 5615
45, 5616
47, 5617
47, 5618
47, 5619
47, 5620
46, 5621
32, 5622
48, 5623
47, 5624
47, 5625
47, 5626
47, 5627
45, 5628
47, 5629
47, 5630
32, 5631
48, 5632
47, 5633
45, 5634
46, 5635
47, 5636
46, 5637
47, 5638
32, 5639
46, 5640
47, 5641
46, 5642
46, 5643
47, 5644
46, 5645
47, 5646
32, 5647
46, 5648
46, 5649
47, 5650
46, 5651
46, 5652
47, 5653
47, 5654
32, 5655
47, 5656
46, 5657
46, 5658
46, 5659
47, 5660
46, 5661
46, 5662
32, 5663
46, 5664
46, 5665
47, 5666
46, 5667
46, 5668
46, 5669
32, 5670
46, 5671
45, 5672
47, 5673
47, 5674
46, 5675
46, 5676
32, 5677
46, 5678
45, 5679
47, 5680
46, 5681
47, 5682
46, 5683
46, 5684
32, 5685
46, 5686
46, 5687
46, 5688
46, 5689
47, 5690
45, 5691
31, 5692
46, 5693
46, 5694
47, 5695
45, 5696
46, 5697
46, 5698
31, 5699
47, 5700
44, 5701
46, 5702
46, 5703
46, 5704
46, 5705
32, 5706
47, 5707
46, 5708
45, 5709
47, 5710
45, 5711
32, 5712
46, 5713
46, 5714
46, 5715
45, 5716
46, 5717
46, 5718
31, 5719
45, 5720
47, 5721
46, 5722
45, 5723
46, 5724
31, 5725
46, 5726
45, 5727
45, 5728
47, 5729
46, 5730
31, 5731
46, 5732
47, 5733
46, 5734
45, 5735
47, 5736
47, 5737
31, 5738
46, 5739
40, 5740
46, 5741
31, 5742
46, 5743
45, 5744
46, 5745
45, 5746
46, 5747
32, 5748
46, 5749
47, 5750
46, 5751
44, 5752
46, 5753
46, 5754
32, 5755
46, 5756
46, 5757
46, 5758
46, 5759
45, 5760
32, 5761
46, 5762
45, 5763
45, 5764
44, 5765
45, 5766
31, 5767
45, 5768
45, 5769
45, 5770
46, 5771
30, 5772
46, 5773
45, 5774
45, 5775
46, 5776
31, 5777
45, 5778
45, 5779
45, 5780
45, 5781
31, 5782
45, 5783
46, 5784
45, 5785
46, 5786
46, 5787
31, 5788
46, 5789
46, 5790
45, 5791
45, 5792
46, 5793
31, 5794
45, 5795
46, 5796
46, 5797
45, 5798
31, 5799
46, 5800
44, 5801
46, 5802
45, 5803
44, 5804
31, 5805
45, 5806
46, 5807
45, 5808
46, 5809
30, 5810
46, 5811
45, 5812
45, 5813
44, 5814
29, 5815
44, 5816
43, 5817
29, 5818
43, 5819
43, 5820
30, 5821
45, 5822
42, 5823
45, 5824
30, 5825
43, 5826
44, 5827
44, 5828
29, 5829
43, 5830
43, 5831
29, 5832
43, 5833
42, 5834
29, 5835
43, 5836
44, 5837
29, 5838
44, 5839
40, 5840
30, 5841
43, 5842
43, 5843
28, 5844
44, 5845
40, 5846
30, 5847
44, 5848
40, 5849
30, 5850
44, 5851
44, 5852
30, 5853
44, 5854
44, 5855
43, 5856
29, 5857
43, 5858
43, 5859
29, 5860
42, 5861
45, 5862
29, 5863
43, 5864
43, 5865
42, 5866
29, 5867
43, 5868
28, 5869
40, 5870
41, 5871
27, 5872
42, 5873
28, 5874
41, 5875
28, 5876
42, 5877
28, 5878
44, 5879
40, 5880
28, 5881
43, 5882
29, 5883
43, 5884
41, 5885
29, 5886
41, 5887
42, 5888
28, 5889
43, 5890
29, 5891
42, 5892
41, 5893
29, 5894
43, 5895
44, 5896
30, 5897
41, 5898
44, 5899
25, 5900
27, 5901
44, 5902
30, 5903
42, 5904
42, 5905
28, 5906
44, 5907
43, 5908
28, 5909
42, 5910
29, 5911
42, 5912
41, 5913
29, 5914
42, 5915
29, 5916
43, 5917
42, 5918
28, 5919
42, 5920
29, 5921
44, 5922
42, 5923
28, 5924
43, 5925
43, 5926
29, 5927
44, 5928
45, 5929
30, 5930
45, 5931
45, 5932
45, 5933
45, 5934
30, 5935
44, 5936
45, 5937
45, 5938
30, 5939
43, 5940
44, 5941
44, 5942
30, 5943
45, 5944
44, 5945
44, 5946
30, 5947
44, 5948
45, 5949
43, 5950
30, 5951
43, 5952
45, 5953
44, 5954
30, 5955
45, 5956
43, 5957
31, 5958
43, 5959
43, 5960
44, 5961
30, 5962
44, 5963
44, 5964
45, 5965
44, 5966
30, 5967
44, 5968
43, 5969
44, 5970
28, 5971
44, 5972
45, 5973
30, 5974
44, 5975
44, 5976
43, 5977
29, 5978
44, 5979
43, 5980
30, 5981
44, 5982
45, 5983
42, 5984
30, 5985
43, 5986
44, 5987
29, 5988
43, 5989
44, 5990
28, 5991
44, 5992
38, 5993
30, 5994
44, 5995
44, 5996
30, 5997
43, 5998
44, 5999
29, 6000
42, 6001
43, 6002
30, 6003
44, 6004
42, 6005
43, 6006
29, 6007
42, 6008
29, 6009
43, 6010
44, 6011
43, 6012
29, 6013
42, 6014
42, 6015
29, 6016
43, 6017
28, 6018
43, 6019
42, 6020
30, 6021
43, 6022
44, 6023
29, 6024
43, 6025
43, 6026
28, 6027
44, 6028
44, 6029
30, 6030
43, 6031
43, 6032
44, 6033
30, 6034
43, 6035
43, 6036
29, 6037
43, 6038
44, 6039
42, 6040
29, 6041
42, 6042
29, 6043
43, 6044
43, 6045
29, 6046
43, 6047
44, 6048
29, 6049
42, 6050
43, 6051
29, 6052
44, 6053
43, 6054
29, 6055
43, 6056
43, 6057
29, 6058
43, 6059
43, 6060
28, 6061
44, 6062
43, 6063
29, 6064
43, 6065
42, 6066
29, 6067
41, 6068
43, 6069
29, 6070
41, 6071
28, 6072
42, 6073
43, 6074
29, 6075
42, 6076
42, 6077
29, 6078
43, 6079
43, 6080
29, 6081
43, 6082
29, 6083
43, 6084
42, 6085
29, 6086
42, 6087
42, 6088
29, 6089
42, 6090
42, 6091
28, 6092
43, 6093
28, 6094
42, 6095
36, 6096
25, 6097
28, 6098
28, 6099
41, 6100
42, 6101
27, 6102
42, 6103
28, 6104
42, 6105
28, 6106
41, 6107
41, 6108
29, 6109
40, 6110
28, 6111
42, 6112
29, 6113
42, 6114
42, 6115
28, 6116
42, 6117
27, 6118
41, 6119
29, 6120
41, 6121
43, 6122
29, 6123
42, 6124
42, 6125
29, 6126
42, 6127
28, 6128
42, 6129
43, 6130
28, 6131
42, 6132
29, 6133
42, 6134
42, 6135
28, 6136
42, 6137
28, 6138
42, 6139
43, 6140
28, 6141
41, 6142
28, 6143
42, 6144
28, 6145
42, 6146
42, 6147
28, 6148
41, 6149
28, 6150
41, 6151
28, 6152
42, 6153
28, 6154
43, 6155
40, 6156
28, 6157
42, 6158
28, 6159
42, 6160
29, 6161
41, 6162
42, 6163
28, 6164
43, 6165
28, 6166
42, 6167
34, 6168
28, 6169
27, 6170
43, 6171
28, 6172
41, 6173
28, 6174
41, 6175
28, 6176
42, 6177
27, 6178
41, 6179
28, 6180
39, 6181
27, 6182
40, 6183
27, 6184
40, 6185
27, 6186
27, 6187
40, 6188
27, 6189
41, 6190
27, 6191
41, 6192
28, 6193
41, 6194
27, 6195
40, 6196
27, 6197
41, 6198
28, 6199
41, 6200
25, 6201
27, 6202
41, 6203
28, 6204
42, 6205
28, 6206
41, 6207
42, 6208
27, 6209
42, 6210
28, 6211
42, 6212
28, 6213
42, 6214
27, 6215
42, 6216
27, 6217
42, 6218
28, 6219
41, 6220
28, 6221
41, 6222
41, 6223
28, 6224
41, 6225
28, 6226
41, 6227
27, 6228
41, 6229
27, 6230
41, 6231
27, 6232
26, 6233
40, 6234
28, 6235
41, 6236
27, 6237
40, 6238
27, 6239
40, 6240
27, 6241
27, 6242
40, 6243
26, 6244
41, 6245
27, 6246
27, 6247
36, 6248
27, 6249
27, 6250
36, 6251
27, 6252
27, 6253
40, 6254
27, 6255
41, 6256
27, 6257
40, 6258
28, 6259
41, 6260
27, 6261
41, 6262
27, 6263
27, 6264
40, 6265
26, 6266
41, 6267
27, 6268
41, 6269
27, 6270
27, 6271
41, 6272
27, 6273
40, 6274
27, 6275
40, 6276
27, 6277
41, 6278
27, 6279
40, 6280
26, 6281
27, 6282
40, 6283
27, 6284
40, 6285
26, 6286
27, 6287
40, 6288
27, 6289
40, 6290
27, 6291
41, 6292
27, 6293
27, 6294
41, 6295
26, 6296
41, 6297
27, 6298
41, 6299
27, 6300
27, 6301
41, 6302
27, 6303
41, 6304
27, 6305
39, 6306
27, 6307
40, 6308
27, 6309
27, 6310
39, 6311
27, 6312
41, 6313
27, 6314
41, 6315
27, 6316
41, 6317
27, 6318
40, 6319
27, 6320
27, 6321
40, 6322
27, 6323
40, 6324
27, 6325
39, 6326
27, 6327
27, 6328
40, 6329
27, 6330
41, 6331
27, 6332
40, 6333
27, 6334
27, 6335
40, 6336
27, 6337
40, 6338
27, 6339
40, 6340
27, 6341
41, 6342
27, 6343
41, 6344
27, 6345
40, 6346
27, 6347
27, 6348
39, 6349
27, 6350
40, 6351
28, 6352
27, 6353
39, 6354
27, 6355
40, 6356
27, 6357
39, 6358
27, 6359
27, 6360
40, 6361
27, 6362
41, 6363
28, 6364
41, 6365
27, 6366
41, 6367
27, 6368
40, 6369
28, 6370
41, 6371
27, 6372
27, 6373
40, 6374
27, 6375
40, 6376
27, 6377
41, 6378
26, 6379
27, 6380
40, 6381
27, 6382
41, 6383
27, 6384
41, 6385
27, 6386
40, 6387
27, 6388
26, 6389
40, 6390
27, 6391
40, 6392
27, 6393
28, 6394
39, 6395
27, 6396
40, 6397
26, 6398
40, 6399
27, 6400
26, 6401
39, 6402
27, 6403
39, 6404
26, 6405
26, 6406
26, 6407
39, 6408
27, 6409
40, 6410
27, 6411
26, 6412
40, 6413
26, 6414
40, 6415
27, 6416
26, 6417
40, 6418
27, 6419
40, 6420
26, 6421
27, 6422
39, 6423
26, 6424
27, 6425
40, 6426
27, 6427
40, 6428
27, 6429
39, 6430
26, 6431
27, 6432
39, 6433
27, 6434
26, 6435
40, 6436
26, 6437
40, 6438
26, 6439
27, 6440
40, 6441
27, 6442
26, 6443
40, 6444
26, 6445
26, 6446
40, 6447
26, 6448
27, 6449
40, 6450
26, 6451
26, 6452
39, 6453
26, 6454
26, 6455
40, 6456
26, 6457
38, 6458
26, 6459
27, 6460
39, 6461
27, 6462
26, 6463
40, 6464
27, 6465
26, 6466
40, 6467
27, 6468
26, 6469
39, 6470
26, 6471
26, 6472
39, 6473
26, 6474
26, 6475
39, 6476
26, 6477
26, 6478
38, 6479
26, 6480
26, 6481
27, 6482
39, 6483
26, 6484
39, 6485
26, 6486
26, 6487
39, 6488
26, 6489
26, 6490
40, 6491
26, 6492
27, 6493
39, 6494
26, 6495
26, 6496
39, 6497
26, 6498
27, 6499
39, 6500
26, 6501
39, 6502
24, 6503
26, 6504
26, 6505
40, 6506
27, 6507
26, 6508
39, 6509
26, 6510
26, 6511
39, 6512
26, 6513
26, 6514
40, 6515
26, 6516
26, 6517
26, 6518
40, 6519
26, 6520
26, 6521
39, 6522
26, 6523
27, 6524
39, 6525
26, 6526
26, 6527
39, 6528
26, 6529
26, 6530
39, 6531
26, 6532
26, 6533
40, 6534
25, 6535
26, 6536
38, 6537
26, 6538
26, 6539
26, 6540
39, 6541
25, 6542
26, 6543
25, 6544
39, 6545
25, 6546
26, 6547
26, 6548
26, 6549
38, 6550
26, 6551
26, 6552
25, 6553
38, 6554
26, 6555
25, 6556
25, 6557
25, 6558
39, 6559
25, 6560
26, 6561
25, 6562
25, 6563
39, 6564
26, 6565
25, 6566
25, 6567
26, 6568
38, 6569
26, 6570
26, 6571
26, 6572
38, 6573
26, 6574
25, 6575
26, 6576
39, 6577
26, 6578
26, 6579
25, 6580
26, 6581
38, 6582
26, 6583
26, 6584
38, 6585
22, 6586
20, 6587
24, 6588
26, 6589
25, 6590
26, 6591
25, 6592
26, 6593
26, 6594
25, 6595
25, 6596
26, 6597
26, 6598
26, 6599
26, 6600
38, 6601
26, 6602
25, 6603
26, 6604
39, 6605
26, 6606
26, 6607
26, 6608
39, 6609
26, 6610
26, 6611
39, 6612
26, 6613
26, 6614
26, 6615
38, 6616
26, 6617
26, 6618
38, 6619
26, 6620
25, 6621
26, 6622
26, 6623
39, 6624
25, 6625
26, 6626
26, 6627
38, 6628
26, 6629
26, 6630
39, 6631
26, 6632
26, 6633
26, 6634
39, 6635
26, 6636
25, 6637
24, 6638
24, 6639
26, 6640
26, 6641
39, 6642
26, 6643
25, 6644
25, 6645
25, 6646
38, 6647
26, 6648
25, 6649
25, 6650
25, 6651
25, 6652
39, 6653
26, 6654
25, 6655
25, 6656
25, 6657
37, 6658
25, 6659
24, 6660
26, 6661
25, 6662
25, 6663
25, 6664
25, 6665
25, 6666
25, 6667
38, 6668
25, 6669
25, 6670
25, 6671
25, 6672
25, 6673
25, 6674
25, 6675
38, 6676
26, 6677
25, 6678
24, 6679
25, 6680
25, 6681
25, 6682
25, 6683
25, 6684
38, 6685
26, 6686
25, 6687
26, 6688
24, 6689
25, 6690
38, 6691
25, 6692
25, 6693
25, 6694
25, 6695
25, 6696
25, 6697
25, 6698
25, 6699
25, 6700
37, 6701
25, 6702
25, 6703
25, 6704
25, 6705
25, 6706
25, 6707
26, 6708
38, 6709
25, 6710
25, 6711
25, 6712
25, 6713
25, 6714
25, 6715
25, 6716
38, 6717
26, 6718
26, 6719
25, 6720
26, 6721
38, 6722
25, 6723
25, 6724
25, 6725
25, 6726
37, 6727
26, 6728
25, 6729
25, 6730
26, 6731
26, 6732
38, 6733
25, 6734
23, 6735
24, 6736
25, 6737
25, 6738
26, 6739
25, 6740
25, 6741
26, 6742
39, 6743
25, 6744
25, 6745
25, 6746
25, 6747
26, 6748
37, 6749
25, 6750
25, 6751
25, 6752
26, 6753
25, 6754
26, 6755
39, 6756
25, 6757
25, 6758
25, 6759
24, 6760
25, 6761
39, 6762
23, 6763
25, 6764
24, 6765
25, 6766
25, 6767
24, 6768
25, 6769
25, 6770
25, 6771
25, 6772
25, 6773
25, 6774
25, 6775
25, 6776
24, 6777
25, 6778
25, 6779
36, 6780
24, 6781
25, 6782
25, 6783
25, 6784
25, 6785
24, 6786
25, 6787
24, 6788
25, 6789
25, 6790
25, 6791
24, 6792
25, 6793
25, 6794
25, 6795
24, 6796
25, 6797
25, 6798
25, 6799
24, 6800
24, 6801
25, 6802
24, 6803
24, 6804
24, 6805
25, 6806
25, 6807
24, 6808
24, 6809
25, 6810
25, 6811
25, 6812
25, 6813
25, 6814
25, 6815
24, 6816
24, 6817
24, 6818
24, 6819
24, 6820
25, 6821
25, 6822
25, 6823
25, 6824
25, 6825
25, 6826
25, 6827
25, 6828
38, 6829
25, 6830
25, 6831
25, 6832
25, 6833
25, 6834
25, 6835
24, 6836
25, 6837
24, 6838
25, 6839
25, 6840
24, 6841
25, 6842
25, 6843
25, 6844
25, 6845
25, 6846
25, 6847
25, 6848
37, 6849
25, 6850
25, 6851
24, 6852
24, 6853
25, 6854
24, 6855
24, 6856
25, 6857
24, 6858
24, 6859
24, 6860
25, 6861
25, 6862
25, 6863
25, 6864
25, 6865
24, 6866
24, 6867
25, 6868
25, 6869
25, 6870
24, 6871
25, 6872
25, 6873
24, 6874
24, 6875
23, 6876
25, 6877
24, 6878
24, 6879
24, 6880
24, 6881
25, 6882
24, 6883
24, 6884
25, 6885
24, 6886
24, 6887
24, 6888
24, 6889
23, 6890
24, 6891
25, 6892
24, 6893
24, 6894
24, 6895
24, 6896
23, 6897
24, 6898
24, 6899
24, 6900
18, 6901
24, 6902
24, 6903
24, 6904
24, 6905
25, 6906
24, 6907
24, 6908
25, 6909
24, 6910
25, 6911
25, 6912
24, 6913
24, 6914
24, 6915
24, 6916
17, 6917
24, 6918
24, 6919
24, 6920
23, 6921
18, 6922
24, 6923
24, 6924
23, 6925
18, 6926
24, 6927
24, 6928
24, 6929
24, 6930
23, 6931
18, 6932
24, 6933
24, 6934
23, 6935
24, 6936
18, 6937
24, 6938
24, 6939
24, 6940
24, 6941
24, 6942
24, 6943
23, 6944
18, 6945
23, 6946
23, 6947
24, 6948
18, 6949
24, 6950
23, 6951
24, 6952
24, 6953
23, 6954
17, 6955
24, 6956
24, 6957
18, 6958
24, 6959
24, 6960
24, 6961
24, 6962
24, 6963
23, 6964
18, 6965
24, 6966
23, 6967
18, 6968
24, 6969
24, 6970
23, 6971
24, 6972
23, 6973
18, 6974
24, 6975
23, 6976
18, 6977
23, 6978
24, 6979
24, 6980
17, 6981
24, 6982
24, 6983
23, 6984
17, 6985
24, 6986
23, 6987
17, 6988
23, 6989
17, 6990
24, 6991
18, 6992
24, 6993
23, 6994
24, 6995
18, 6996
23, 6997
23, 6998
24, 6999
17, 7000